{
  "main": {
    "id": "d256cd5ec383a809",
    "type": "split",
    "children": [
      {
        "id": "8466ad44e72fffa1",
        "type": "tabs",
        "children": [
          {
            "id": "d4ba423845c661e1",
            "type": "leaf",
            "pinned": true,
            "state": {
              "type": "markdown",
              "state": {
                "file": "START HERE.md",
                "mode": "source",
                "source": false
              },
              "pinned": true,
              "icon": "lucide-file",
              "title": "START HERE"
            }
          }
        ]
      }
    ],
    "direction": "vertical"
  },
  "left": {
    "id": "c3bdffa9b21ebabb",
    "type": "split",
    "children": [
      {
        "id": "d3caa4c6c6ef7d80",
        "type": "tabs",
        "children": [
          {
            "id": "c5d270cb2275849d",
            "type": "leaf",
            "state": {
              "type": "file-explorer",
              "state": {
                "sortOrder": "alphabetical",
                "autoReveal": false
              },
              "icon": "lucide-folder-closed",
              "title": "Files"
            }
          },
          {
            "id": "99f8354dfdfdab7d",
            "type": "leaf",
            "state": {
              "type": "search",
              "state": {
                "query": "",
                "matchingCase": false,
                "explainSearch": false,
                "collapseAll": false,
                "extraContext": false,
                "sortOrder": "alphabetical"
              },
              "icon": "lucide-search",
              "title": "Search"
            }
          },
          {
            "id": "aa6973ac0dcdf9cd",
            "type": "leaf",
            "state": {
              "type": "bookmarks",
              "state": {},
              "icon": "lucide-bookmark",
              "title": "Bookmarks"
            }
          }
        ],
        "currentTab": 1
      }
    ],
    "direction": "horizontal",
    "width": 300
  },
  "right": {
    "id": "1e43b6a77831bb35",
    "type": "split",
    "children": [
      {
        "id": "a0a514fe1fdbbae7",
        "type": "tabs",
        "children": [
          {
            "id": "e03d1312e02a2be0",
            "type": "leaf",
            "state": {
              "type": "backlink",
              "state": {
                "collapseAll": false,
                "extraContext": false,
                "sortOrder": "alphabetical",
                "showSearch": false,
                "searchQuery": "",
                "backlinkCollapsed": false,
                "unlinkedCollapsed": true
              },
              "icon": "links-coming-in",
              "title": "Backlinks"
            }
          },
          {
            "id": "f9ec7f66a209c351",
            "type": "leaf",
            "state": {
              "type": "outgoing-link",
              "state": {
                "linksCollapsed": false,
                "unlinkedCollapsed": true
              },
              "icon": "links-going-out",
              "title": "Outgoing links"
            }
          },
          {
            "id": "1fa85b4a55e743b9",
            "type": "leaf",
            "state": {
              "type": "tag",
              "state": {
                "sortOrder": "frequency",
                "useHierarchy": true,
                "showSearch": false,
                "searchQuery": ""
              },
              "icon": "lucide-tags",
              "title": "Tags"
            }
          },
          {
            "id": "7af22cab3d49df8c",
            "type": "leaf",
            "state": {
              "type": "all-properties",
              "state": {
                "sortOrder": "frequency",
                "showSearch": false,
                "searchQuery": ""
              },
              "icon": "lucide-archive",
              "title": "All properties"
            }
          },
          {
            "id": "5e426161462c5924",
            "type": "leaf",
            "state": {
              "type": "outline",
              "state": {
                "followCursor": false,
                "showSearch": false,
                "searchQuery": ""
              },
              "icon": "lucide-list",
              "title": "Outline"
            }
          }
        ]
      }
    ],
    "direction": "horizontal",
    "width": 300,
    "collapsed": true
  },
  "left-ribbon": {
    "hiddenItems": {
      "switcher:Open quick switcher": false,
      "graph:Open graph view": false,
      "canvas:Create new canvas": false,
      "daily-notes:Open today's daily note": false,
      "templates:Insert template": false,
      "command-palette:Open command palette": false,
      "bases:Create new base": false
    }
  },
  "active": "d4ba423845c661e1",
  "lastOpenFiles": [
    "Companion Guides (WIP)/Gale.md",
    "Companion Guides/Jaheira.md",
    "Companion Guides/Wyll.md",
    "Companion Guides/Shadowheart.md",
    "Companion Guides/Minthara.md",
    "Companion Guides/Minsc.md",
    "Companion Guides/Karlach.md",
    "Companion Guides/Lae'zel.md",
    "Companion Guides/Halsin.md",
    "Companion Guides/Gale.md",
    "Companion Guides/Astarion.md",
    "Companion Guides",
    "Companion Guides (WIP)/Shadowheart.md",
    "Companion Guides (WIP)/Wyll.md",
    "Companion Guides (WIP)/Minthara.md",
    "Companion Guides (WIP)/Minsc.md",
    "Companion Guides (WIP)/Lae'zel.md",
    "Companion Guides (WIP)/Karlach.md",
    "Companion Guides (WIP)/Jaheira.md",
    "Companion Guides (WIP)/Halsin.md",
    "Companion Guides (WIP)/Astarion.md",
    "START HERE.md",
    "Game Walkthrough.md",
    "START_HERE.md",
    "README.md.txt",
    "New Text Document.txt"
  ]
}